E101,Arjun,Banda,arjun@gmail.com,30
E102,Arjun1,Banda,arjun@gmail.com,31
E103,Arjun2,Banda,arjun@gmail.com,32
E104,Arjun3,Banda,arjun@gmail.com,33
E105,Arjun4,Banda,arjun@gmail.com,34
E106,Arjun5,Banda,arjun@gmail.com,35
E107,Arjun6,Banda,arjun@gmail.com,36
E108,Arjun7,Banda,arjun@gmail.com,37
E109,Arjun8,Banda,arjun@gmail.com,38
E110,Arjun9,Banda,arjun@gmail.com,39
E111,Arjun10,Banda,arjun@gmail.com,40
E112,Arjun11,Banda,arjun@gmail.com,41
E113,Arjun12,Banda,arjun@gmail.com,42
E114,Arjun13,Banda,arjun@gmail.com,43
E115,Arjun14,Banda,arjun@gmail.com,44
